{
  "kids-toys-0" : {
    "transaction" : "kids-toys-0",
    "sampleCount" : 100,
    "errorCount" : 0,
    "errorPct" : 0.0,
    "meanResTime" : 1078.38,
    "medianResTime" : 570.0,
    "minResTime" : 523.0,
    "maxResTime" : 6681.0,
    "pct1ResTime" : 2289.9,
    "pct2ResTime" : 3228.45,
    "pct3ResTime" : 6650.549999999985,
    "throughput" : 0.9237875288683602,
    "receivedKBytesPerSec" : 0.9705542725173211,
    "sentKBytesPerSec" : 0.13802684757505773
  },
  "kids-toys-1" : {
    "transaction" : "kids-toys-1",
    "sampleCount" : 100,
    "errorCount" : 0,
    "errorPct" : 0.0,
    "meanResTime" : 24827.969999999998,
    "medianResTime" : 25021.0,
    "minResTime" : 7555.0,
    "maxResTime" : 45095.0,
    "pct1ResTime" : 35262.8,
    "pct2ResTime" : 40398.04999999996,
    "pct3ResTime" : 45079.77999999999,
    "throughput" : 0.7749354866207389,
    "receivedKBytesPerSec" : 196.66476242415317,
    "sentKBytesPerSec" : 0.11881335097603124
  },
  "electronics" : {
    "transaction" : "electronics",
    "sampleCount" : 100,
    "errorCount" : 0,
    "errorPct" : 0.0,
    "meanResTime" : 46130.49000000001,
    "medianResTime" : 46151.5,
    "minResTime" : 8786.0,
    "maxResTime" : 70805.0,
    "pct1ResTime" : 58346.4,
    "pct2ResTime" : 64917.14999999999,
    "pct3ResTime" : 70791.18999999999,
    "throughput" : 0.819685568615879,
    "receivedKBytesPerSec" : 364.54397401750435,
    "sentKBytesPerSec" : 0.21452708241118706
  },
  "book-1" : {
    "transaction" : "book-1",
    "sampleCount" : 100,
    "errorCount" : 0,
    "errorPct" : 0.0,
    "meanResTime" : 31907.469999999998,
    "medianResTime" : 31371.0,
    "minResTime" : 13161.0,
    "maxResTime" : 83849.0,
    "pct1ResTime" : 45148.3,
    "pct2ResTime" : 48843.44999999999,
    "pct3ResTime" : 83570.87999999986,
    "throughput" : 1.0972491962649638,
    "receivedKBytesPerSec" : 316.83744536041894,
    "sentKBytesPerSec" : 0.13072695502375545
  },
  "book" : {
    "transaction" : "book",
    "sampleCount" : 100,
    "errorCount" : 0,
    "errorPct" : 0.0,
    "meanResTime" : 32594.56,
    "medianResTime" : 31933.5,
    "minResTime" : 13957.0,
    "maxResTime" : 84413.0,
    "pct1ResTime" : 45723.6,
    "pct2ResTime" : 49394.049999999996,
    "pct3ResTime" : 84134.96999999986,
    "throughput" : 1.089573867660358,
    "receivedKBytesPerSec" : 315.7283839610641,
    "sentKBytesPerSec" : 0.2553688752328964
  },
  "book-0" : {
    "transaction" : "book-0",
    "sampleCount" : 100,
    "errorCount" : 0,
    "errorPct" : 0.0,
    "meanResTime" : 686.7400000000002,
    "medianResTime" : 561.5,
    "minResTime" : 479.0,
    "maxResTime" : 4068.0,
    "pct1ResTime" : 918.4000000000008,
    "pct2ResTime" : 1554.95,
    "pct3ResTime" : 4050.9799999999914,
    "throughput" : 3.675659780930677,
    "receivedKBytesPerSec" : 3.735245671910608,
    "sentKBytesPerSec" : 0.4235623575681835
  },
  "login" : {
    "transaction" : "login",
    "sampleCount" : 100,
    "errorCount" : 0,
    "errorPct" : 0.0,
    "meanResTime" : 11566.54,
    "medianResTime" : 11717.5,
    "minResTime" : 1880.0,
    "maxResTime" : 28715.0,
    "pct1ResTime" : 17606.9,
    "pct2ResTime" : 20401.499999999996,
    "pct3ResTime" : 28698.09999999999,
    "throughput" : 3.4825004353125544,
    "receivedKBytesPerSec" : 281.79124994558595,
    "sentKBytesPerSec" : 0.8230127981890998
  },
  "cart" : {
    "transaction" : "cart",
    "sampleCount" : 100,
    "errorCount" : 0,
    "errorPct" : 0.0,
    "meanResTime" : 8501.730000000001,
    "medianResTime" : 7160.5,
    "minResTime" : 365.0,
    "maxResTime" : 34054.0,
    "pct1ResTime" : 17418.800000000003,
    "pct2ResTime" : 20219.05,
    "pct3ResTime" : 34042.619999999995,
    "throughput" : 1.2490320001998452,
    "receivedKBytesPerSec" : 174.77266885741676,
    "sentKBytesPerSec" : 0.2927418750468387
  },
  "offer" : {
    "transaction" : "offer",
    "sampleCount" : 100,
    "errorCount" : 0,
    "errorPct" : 0.0,
    "meanResTime" : 28689.910000000003,
    "medianResTime" : 28471.0,
    "minResTime" : 6333.0,
    "maxResTime" : 57521.0,
    "pct1ResTime" : 39221.100000000006,
    "pct2ResTime" : 44691.59999999999,
    "pct3ResTime" : 57433.349999999955,
    "throughput" : 0.8421478137842754,
    "receivedKBytesPerSec" : 264.1746471137489,
    "sentKBytesPerSec" : 0.19902321380448695
  },
  "offer-0" : {
    "transaction" : "offer-0",
    "sampleCount" : 100,
    "errorCount" : 0,
    "errorPct" : 0.0,
    "meanResTime" : 1294.8499999999995,
    "medianResTime" : 568.0,
    "minResTime" : 502.0,
    "maxResTime" : 8039.0,
    "pct1ResTime" : 3049.200000000002,
    "pct2ResTime" : 3563.7,
    "pct3ResTime" : 8026.1199999999935,
    "throughput" : 0.9286689388100036,
    "receivedKBytesPerSec" : 0.9444490555436893,
    "sentKBytesPerSec" : 0.10792148800624066
  },
  "search" : {
    "transaction" : "search",
    "sampleCount" : 100,
    "errorCount" : 0,
    "errorPct" : 0.0,
    "meanResTime" : 7466.230000000002,
    "medianResTime" : 6732.5,
    "minResTime" : 351.0,
    "maxResTime" : 24283.0,
    "pct1ResTime" : 13960.5,
    "pct2ResTime" : 15109.599999999999,
    "pct3ResTime" : 24262.21999999999,
    "throughput" : 1.091190816538088,
    "receivedKBytesPerSec" : 95.65685595190031,
    "sentKBytesPerSec" : 0.31115988127843913
  },
  "monihari-1" : {
    "transaction" : "monihari-1",
    "sampleCount" : 100,
    "errorCount" : 0,
    "errorPct" : 0.0,
    "meanResTime" : 30886.08,
    "medianResTime" : 29245.5,
    "minResTime" : 12805.0,
    "maxResTime" : 80704.0,
    "pct1ResTime" : 41212.200000000004,
    "pct2ResTime" : 46801.649999999994,
    "pct3ResTime" : 80454.11999999988,
    "throughput" : 0.7372456502506635,
    "receivedKBytesPerSec" : 205.24434365554043,
    "sentKBytesPerSec" : 0.09575553855794752
  },
  "monihari-0" : {
    "transaction" : "monihari-0",
    "sampleCount" : 100,
    "errorCount" : 0,
    "errorPct" : 0.0,
    "meanResTime" : 2282.859999999999,
    "medianResTime" : 1690.5,
    "minResTime" : 381.0,
    "maxResTime" : 6855.0,
    "pct1ResTime" : 3568.3,
    "pct2ResTime" : 4484.149999999991,
    "pct3ResTime" : 6854.93,
    "throughput" : 1.0832593106137747,
    "receivedKBytesPerSec" : 1.1120545434603637,
    "sentKBytesPerSec" : 0.1364652842472431
  },
  "electronics-0" : {
    "transaction" : "electronics-0",
    "sampleCount" : 100,
    "errorCount" : 0,
    "errorPct" : 0.0,
    "meanResTime" : 868.13,
    "medianResTime" : 566.5,
    "minResTime" : 535.0,
    "maxResTime" : 6484.0,
    "pct1ResTime" : 1853.000000000001,
    "pct2ResTime" : 2633.3499999999954,
    "pct3ResTime" : 6458.569999999987,
    "throughput" : 1.257829991698322,
    "receivedKBytesPerSec" : 1.29509811860079,
    "sentKBytesPerSec" : 0.16214214736736185
  },
  "electronics-1" : {
    "transaction" : "electronics-1",
    "sampleCount" : 100,
    "errorCount" : 0,
    "errorPct" : 0.0,
    "meanResTime" : 45262.25000000001,
    "medianResTime" : 45394.0,
    "minResTime" : 8210.0,
    "maxResTime" : 70251.0,
    "pct1ResTime" : 57196.5,
    "pct2ResTime" : 64319.04999999998,
    "pct3ResTime" : 70237.09999999999,
    "throughput" : 0.8235197232973729,
    "receivedKBytesPerSec" : 365.40124229237006,
    "sentKBytesPerSec" : 0.10937371325043234
  },
  "kids-toys" : {
    "transaction" : "kids-toys",
    "sampleCount" : 100,
    "errorCount" : 0,
    "errorPct" : 0.0,
    "meanResTime" : 25906.6,
    "medianResTime" : 25799.5,
    "minResTime" : 9846.0,
    "maxResTime" : 45663.0,
    "pct1ResTime" : 36587.4,
    "pct2ResTime" : 41058.34999999998,
    "pct3ResTime" : 45647.80999999999,
    "throughput" : 0.7593475685690855,
    "receivedKBytesPerSec" : 193.50661723946783,
    "sentKBytesPerSec" : 0.2298806115785317
  },
  "login-1" : {
    "transaction" : "login-1",
    "sampleCount" : 100,
    "errorCount" : 0,
    "errorPct" : 0.0,
    "meanResTime" : 9356.01,
    "medianResTime" : 8585.0,
    "minResTime" : 968.0,
    "maxResTime" : 25651.0,