{
  "kids-toys-0" : {
    "transaction" : "kids-toys-0",
    "sampleCount" : 50,
    "errorCount" : 0,
    "errorPct" : 0.0,
    "meanResTime" : 868.2600000000002,
    "medianResTime" : 565.0,
    "minResTime" : 478.0,
    "maxResTime" : 2313.0,
    "pct1ResTime" : 1632.8,
    "pct2ResTime" : 1793.7499999999989,
    "pct3ResTime" : 2313.0,
    "throughput" : 0.8989248858365395,
    "receivedKBytesPerSec" : 0.9449947862356621,
    "sentKBytesPerSec" : 0.13431201907518608
  },
  "kids-toys-1" : {
    "transaction" : "kids-toys-1",
    "sampleCount" : 50,
    "errorCount" : 0,
    "errorPct" : 0.0,
    "meanResTime" : 12854.94,
    "medianResTime" : 11918.0,
    "minResTime" : 3732.0,
    "maxResTime" : 30141.0,
    "pct1ResTime" : 19563.8,
    "pct2ResTime" : 27936.099999999995,
    "pct3ResTime" : 30141.0,
    "throughput" : 0.6616732392875103,
    "receivedKBytesPerSec" : 167.92068822701347,
    "sentKBytesPerSec" : 0.10144794782044834
  },
  "electronics" : {
    "transaction" : "electronics",
    "sampleCount" : 50,
    "errorCount" : 0,
    "errorPct" : 0.0,
    "meanResTime" : 23432.160000000003,
    "medianResTime" : 22545.5,
    "minResTime" : 5923.0,
    "maxResTime" : 44533.0,
    "pct1ResTime" : 34841.2,
    "pct2ResTime" : 40935.249999999985,
    "pct3ResTime" : 44533.0,
    "throughput" : 0.9287810677267154,
    "receivedKBytesPerSec" : 413.06202864360813,
    "sentKBytesPerSec" : 0.2430794200691013
  },
  "book-1" : {
    "transaction" : "book-1",
    "sampleCount" : 50,
    "errorCount" : 0,
    "errorPct" : 0.0,
    "meanResTime" : 6318.820000000001,
    "medianResTime" : 5070.5,
    "minResTime" : 1571.0,
    "maxResTime" : 17852.0,
    "pct1ResTime" : 11235.8,
    "pct2ResTime" : 13447.549999999987,
    "pct3ResTime" : 17852.0,
    "throughput" : 2.085853739935756,
    "receivedKBytesPerSec" : 242.03725334779526,
    "sentKBytesPerSec" : 0.2485099182345334
  },
  "book" : {
    "transaction" : "book",
    "sampleCount" : 50,
    "errorCount" : 0,
    "errorPct" : 0.0,
    "meanResTime" : 6890.24,
    "medianResTime" : 5774.5,
    "minResTime" : 2136.0,
    "maxResTime" : 18346.0,
    "pct1ResTime" : 11723.3,
    "pct2ResTime" : 13957.099999999988,
    "pct3ResTime" : 18346.0,
    "throughput" : 2.0697077572646743,
    "receivedKBytesPerSec" : 242.2692372868201,
    "sentKBytesPerSec" : 0.485087755608908
  },
  "book-0" : {
    "transaction" : "book-0",
    "sampleCount" : 50,
    "errorCount" : 0,
    "errorPct" : 0.0,
    "meanResTime" : 571.0799999999998,
    "medianResTime" : 544.5,
    "minResTime" : 187.0,
    "maxResTime" : 1935.0,
    "pct1ResTime" : 725.1999999999998,
    "pct2ResTime" : 843.3,
    "pct3ResTime" : 1935.0,
    "throughput" : 3.5901486321533715,
    "receivedKBytesPerSec" : 3.652275032311338,
    "sentKBytesPerSec" : 0.41370853378329864
  },
  "login" : {
    "transaction" : "login",
    "sampleCount" : 50,
    "errorCount" : 0,
    "errorPct" : 0.0,
    "meanResTime" : 5603.68,
    "medianResTime" : 5505.5,
    "minResTime" : 968.0,
    "maxResTime" : 13749.0,
    "pct1ResTime" : 8289.499999999998,
    "pct2ResTime" : 12783.399999999996,
    "pct3ResTime" : 13749.0,
    "throughput" : 3.423953982058481,
    "receivedKBytesPerSec" : 276.80527973704034,
    "sentKBytesPerSec" : 0.8091766246661645
  },
  "cart" : {
    "transaction" : "cart",
    "sampleCount" : 50,
    "errorCount" : 0,
    "errorPct" : 0.0,
    "meanResTime" : 4440.02,
    "medianResTime" : 3569.5,
    "minResTime" : 350.0,
    "maxResTime" : 13642.0,
    "pct1ResTime" : 10105.299999999997,
    "pct2ResTime" : 12208.499999999995,
    "pct3ResTime" : 13642.0,
    "throughput" : 1.099432692730551,
    "receivedKBytesPerSec" : 153.76036472992436,
    "sentKBytesPerSec" : 0.2576795373587229
  },
  "offer" : {
    "transaction" : "offer",
    "sampleCount" : 50,
    "errorCount" : 0,
    "errorPct" : 0.0,
    "meanResTime" : 12022.860000000004,
    "medianResTime" : 10804.0,
    "minResTime" : 1678.0,
    "maxResTime" : 26265.0,
    "pct1ResTime" : 21849.1,
    "pct2ResTime" : 24514.6,
    "pct3ResTime" : 26265.0,
    "throughput" : 0.8130610120983478,
    "receivedKBytesPerSec" : 255.05265014696076,
    "sentKBytesPerSec" : 0.19214918449980486
  },
  "offer-0" : {
    "transaction" : "offer-0",
    "sampleCount" : 50,
    "errorCount" : 0,
    "errorPct" : 0.0,
    "meanResTime" : 830.22,
    "medianResTime" : 553.5,
    "minResTime" : 182.0,
    "maxResTime" : 2112.0,
    "pct1ResTime" : 1568.4,
    "pct2ResTime" : 1631.35,
    "pct3ResTime" : 2112.0,
    "throughput" : 0.8333333333333334,
    "receivedKBytesPerSec" : 0.8486002604166667,
    "sentKBytesPerSec" : 0.09684244791666667
  },
  "search" : {
    "transaction" : "search",
    "sampleCount" : 50,
    "errorCount" : 0,
    "errorPct" : 0.0,
    "meanResTime" : 3891.7200000000003,
    "medianResTime" : 3705.0,
    "minResTime" : 303.0,
    "maxResTime" : 11206.0,
    "pct1ResTime" : 6579.5,
    "pct2ResTime" : 8554.8,
    "pct3ResTime" : 11206.0,
    "throughput" : 0.9905109055250698,
    "receivedKBytesPerSec" : 86.82909523638543,
    "sentKBytesPerSec" : 0.2824503754036332
  },
  "monihari-1" : {
    "transaction" : "monihari-1",
    "sampleCount" : 50,
    "errorCount" : 0,
    "errorPct" : 0.0,
    "meanResTime" : 13830.12,
    "medianResTime" : 13122.0,
    "minResTime" : 5995.0,
    "maxResTime" : 28786.0,
    "pct1ResTime" : 21983.399999999998,
    "pct2ResTime" : 24074.299999999996,
    "pct3ResTime" : 28786.0,
    "throughput" : 0.8247150609464431,
    "receivedKBytesPerSec" : 230.12700869662032,
    "sentKBytesPerSec" : 0.10711631162683292
  },
  "monihari-0" : {
    "transaction" : "monihari-0",
    "sampleCount" : 50,
    "errorCount" : 0,
    "errorPct" : 0.0,
    "meanResTime" : 782.3999999999999,
    "medianResTime" : 562.0,
    "minResTime" : 494.0,
    "maxResTime" : 3890.0,
    "pct1ResTime" : 1765.6999999999994,
    "pct2ResTime" : 2366.9499999999975,
    "pct3ResTime" : 3890.0,
    "throughput" : 1.0375811907281745,
    "receivedKBytesPerSec" : 1.0657093683205712,
    "sentKBytesPerSec" : 0.1307109117225923
  },
  "electronics-0" : {
    "transaction" : "electronics-0",
    "sampleCount" : 50,
    "errorCount" : 0,
    "errorPct" : 0.0,
    "meanResTime" : 604.0,
    "medianResTime" : 554.0,
    "minResTime" : 486.0,
    "maxResTime" : 1880.0,
    "pct1ResTime" : 586.1,
    "pct2ResTime" : 1302.0999999999983,
    "pct3ResTime" : 1880.0,
    "throughput" : 2.336885399140026,
    "receivedKBytesPerSec" : 2.407904806973266,
    "sentKBytesPerSec" : 0.301239133482894
  },
  "electronics-1" : {
    "transaction" : "electronics-1",
    "sampleCount" : 50,
    "errorCount" : 0,
    "errorPct" : 0.0,
    "meanResTime" : 22827.8,
    "medianResTime" : 22014.5,
    "minResTime" : 5364.0,
    "maxResTime" : 43987.0,
    "pct1ResTime" : 34222.2,
    "pct2ResTime" : 40369.099999999984,
    "pct3ResTime" : 43987.0,
    "throughput" : 0.9380335065568542,
    "receivedKBytesPerSec" : 416.2103768784121,
    "sentKBytesPerSec" : 0.1245825750895822
  },
  "kids-toys" : {
    "transaction" : "kids-toys",
    "sampleCount" : 50,
    "errorCount" : 0,
    "errorPct" : 0.0,
    "meanResTime" : 13723.56,
    "medianResTime" : 12740.5,
    "minResTime" : 4284.0,
    "maxResTime" : 31605.0,
    "pct1ResTime" : 20139.399999999998,
    "pct2ResTime" : 29057.199999999997,
    "pct3ResTime" : 31605.0,
    "throughput" : 0.6570129562954982,
    "receivedKBytesPerSec" : 167.4286776505545,
    "sentKBytesPerSec" : 0.19890040669101994
  },
  "login-1" : {
    "transaction" : "login-1",
    "sampleCount" : 50,
    "errorCount" : 0,
    "errorPct" : 0.0,
    "meanResTime" : 4785.8,
    "medianResTime" : 4680.5,
    "minResTime" : 620.0,
    "maxResTime" : 13154.0,
    "pct1ResTime" : 7656.199999999999,
    "pct2ResTime" : 12022.899999999998,
    "pct3ResTime" : 13154.0,
    "throughput" : 3.5762820971318217,
    "receivedKBytesPerSec" : 285.48007116801375,
    "sentKBytesPerSec" : 0.42957294721407624
  },