{
  "kids-toys-0" : {
    "transaction" : "kids-toys-0",
    "sampleCount" : 10,
    "errorCount" : 0,
    "errorPct" : 0.0,
    "meanResTime" : 349.2,
    "medianResTime" : 331.0,
    "minResTime" : 276.0,
    "maxResTime" : 517.0,
    "pct1ResTime" : 505.6,
    "pct2ResTime" : 517.0,
    "pct3ResTime" : 517.0,
    "throughput" : 1.188212927756654,
    "receivedKBytesPerSec" : 1.2457669914448668,
    "sentKBytesPerSec" : 0.17753572065114068
  },
  "kids-toys-1" : {
    "transaction" : "kids-toys-1",
    "sampleCount" : 10,
    "errorCount" : 0,
    "errorPct" : 0.0,
    "meanResTime" : 2998.5,
    "medianResTime" : 2315.0,
    "minResTime" : 871.0,
    "maxResTime" : 8742.0,
    "pct1ResTime" : 8518.7,
    "pct2ResTime" : 8742.0,
    "pct3ResTime" : 8742.0,
    "throughput" : 1.00999899000101,
    "receivedKBytesPerSec" : 256.3173266904858,
    "sentKBytesPerSec" : 0.15485336077163922
  },
  "electronics" : {
    "transaction" : "electronics",
    "sampleCount" : 10,
    "errorCount" : 0,
    "errorPct" : 0.0,
    "meanResTime" : 4128.7,
    "medianResTime" : 4444.0,
    "minResTime" : 1676.0,
    "maxResTime" : 6325.0,
    "pct1ResTime" : 6206.0,
    "pct2ResTime" : 6325.0,
    "pct3ResTime" : 6325.0,
    "throughput" : 1.1892020454275183,
    "receivedKBytesPerSec" : 528.8769380277083,
    "sentKBytesPerSec" : 0.3112364728267332
  },
  "book-1" : {
    "transaction" : "book-1",
    "sampleCount" : 10,
    "errorCount" : 0,
    "errorPct" : 0.0,
    "meanResTime" : 1466.4,
    "medianResTime" : 1515.5,
    "minResTime" : 360.0,
    "maxResTime" : 2732.0,
    "pct1ResTime" : 2667.2000000000003,
    "pct2ResTime" : 2732.0,
    "pct3ResTime" : 2732.0,
    "throughput" : 2.70929287455974,
    "receivedKBytesPerSec" : 314.37375118531565,
    "sentKBytesPerSec" : 0.322786846383094
  },
  "book" : {
    "transaction" : "book",
    "sampleCount" : 10,
    "errorCount" : 0,
    "errorPct" : 0.0,
    "meanResTime" : 1666.2,
    "medianResTime" : 1730.0,
    "minResTime" : 526.0,
    "maxResTime" : 2954.0,
    "pct1ResTime" : 2891.0,
    "pct2ResTime" : 2954.0,
    "pct3ResTime" : 2954.0,
    "throughput" : 2.5826446280991737,
    "receivedKBytesPerSec" : 302.30712890625,
    "sentKBytesPerSec" : 0.6053073347107438
  },
  "book-0" : {
    "transaction" : "book-0",
    "sampleCount" : 10,
    "errorCount" : 0,
    "errorPct" : 0.0,
    "meanResTime" : 199.29999999999998,
    "medianResTime" : 195.0,
    "minResTime" : 165.0,
    "maxResTime" : 239.0,
    "pct1ResTime" : 238.3,
    "pct2ResTime" : 239.0,
    "pct3ResTime" : 239.0,
    "throughput" : 8.771929824561402,
    "receivedKBytesPerSec" : 8.929550438596491,
    "sentKBytesPerSec" : 1.010827850877193
  },
  "login" : {
    "transaction" : "login",
    "sampleCount" : 10,
    "errorCount" : 0,
    "errorPct" : 0.0,
    "meanResTime" : 1307.8000000000002,
    "medianResTime" : 1311.5,
    "minResTime" : 753.0,
    "maxResTime" : 1975.0,
    "pct1ResTime" : 1953.3000000000002,
    "pct2ResTime" : 1975.0,
    "pct3ResTime" : 1975.0,
    "throughput" : 4.653327128897161,
    "receivedKBytesPerSec" : 376.17332916472776,
    "sentKBytesPerSec" : 1.0997120753838994
  },
  "cart" : {
    "transaction" : "cart",
    "sampleCount" : 10,
    "errorCount" : 0,
    "errorPct" : 0.0,
    "meanResTime" : 915.6,
    "medianResTime" : 1041.0,
    "minResTime" : 299.0,
    "maxResTime" : 1565.0,
    "pct1ResTime" : 1537.7,
    "pct2ResTime" : 1565.0,
    "pct3ResTime" : 1565.0,
    "throughput" : 1.450536698578474,
    "receivedKBytesPerSec" : 202.8598237597911,
    "sentKBytesPerSec" : 0.33996953872932983
  },
  "offer" : {
    "transaction" : "offer",
    "sampleCount" : 10,
    "errorCount" : 0,
    "errorPct" : 0.0,
    "meanResTime" : 1871.5,
    "medianResTime" : 1841.0,
    "minResTime" : 1477.0,
    "maxResTime" : 2351.0,
    "pct1ResTime" : 2339.4,
    "pct2ResTime" : 2351.0,
    "pct3ResTime" : 2351.0,
    "throughput" : 1.098659635245001,
    "receivedKBytesPerSec" : 344.6430901175566,
    "sentKBytesPerSec" : 0.259644171610635
  },
  "offer-0" : {
    "transaction" : "offer-0",
    "sampleCount" : 10,
    "errorCount" : 0,
    "errorPct" : 0.0,
    "meanResTime" : 307.9,
    "medianResTime" : 303.0,
    "minResTime" : 166.0,
    "maxResTime" : 402.0,
    "pct1ResTime" : 401.3,
    "pct2ResTime" : 402.0,
    "pct3ResTime" : 402.0,
    "throughput" : 1.3592496941688188,
    "receivedKBytesPerSec" : 1.3826117982873454,
    "sentKBytesPerSec" : 0.15795968125594673
  },
  "search" : {
    "transaction" : "search",
    "sampleCount" : 10,
    "errorCount" : 0,
    "errorPct" : 0.0,
    "meanResTime" : 768.3,
    "medianResTime" : 896.0,
    "minResTime" : 320.0,
    "maxResTime" : 1104.0,
    "pct1ResTime" : 1099.6,
    "pct2ResTime" : 1104.0,
    "pct3ResTime" : 1104.0,
    "throughput" : 1.3299640909695438,
    "receivedKBytesPerSec" : 116.5881070039234,
    "sentKBytesPerSec" : 0.37924757281553395
  },
  "monihari-1" : {
    "transaction" : "monihari-1",
    "sampleCount" : 10,
    "errorCount" : 0,
    "errorPct" : 0.0,
    "meanResTime" : 2362.1,
    "medianResTime" : 2119.5,
    "minResTime" : 1329.0,
    "maxResTime" : 3239.0,
    "pct1ResTime" : 3235.8,
    "pct2ResTime" : 3239.0,
    "pct3ResTime" : 3239.0,
    "throughput" : 0.9954210631096955,
    "receivedKBytesPerSec" : 276.2875732567689,
    "sentKBytesPerSec" : 0.12928808729842725
  },
  "monihari-0" : {
    "transaction" : "monihari-0",
    "sampleCount" : 10,
    "errorCount" : 0,
    "errorPct" : 0.0,
    "meanResTime" : 402.90000000000003,
    "medianResTime" : 404.5,
    "minResTime" : 259.0,
    "maxResTime" : 510.0,
    "pct1ResTime" : 508.8,
    "pct2ResTime" : 510.0,
    "pct3ResTime" : 510.0,
    "throughput" : 1.385809312638581,
    "receivedKBytesPerSec" : 1.4250558654379157,
    "sentKBytesPerSec" : 0.1745794934866962
  },
  "electronics-0" : {
    "transaction" : "electronics-0",
    "sampleCount" : 10,
    "errorCount" : 0,
    "errorPct" : 0.0,
    "meanResTime" : 338.0,
    "medianResTime" : 303.5,
    "minResTime" : 220.0,
    "maxResTime" : 487.0,
    "pct1ResTime" : 485.9,
    "pct2ResTime" : 487.0,
    "pct3ResTime" : 487.0,
    "throughput" : 2.771618625277162,
    "receivedKBytesPerSec" : 2.8539010532150777,
    "sentKBytesPerSec" : 0.3572789634146341
  },
  "electronics-1" : {
    "transaction" : "electronics-1",
    "sampleCount" : 10,
    "errorCount" : 0,
    "errorPct" : 0.0,
    "meanResTime" : 3790.4,
    "medianResTime" : 4012.0,
    "minResTime" : 1456.0,
    "maxResTime" : 6051.0,
    "pct1ResTime" : 5933.700000000001,
    "pct2ResTime" : 6051.0,
    "pct3ResTime" : 6051.0,
    "throughput" : 1.2211503236048358,
    "receivedKBytesPerSec" : 541.8279761723043,
    "sentKBytesPerSec" : 0.16218402735376725
  },
  "kids-toys" : {
    "transaction" : "kids-toys",
    "sampleCount" : 10,
    "errorCount" : 0,
    "errorPct" : 0.0,
    "meanResTime" : 3348.1,
    "medianResTime" : 2655.0,
    "minResTime" : 1228.0,
    "maxResTime" : 9259.0,
    "pct1ResTime" : 9013.0,
    "pct2ResTime" : 9259.0,
    "pct3ResTime" : 9259.0,
    "throughput" : 0.959877135726627,
    "receivedKBytesPerSec" : 244.60378446558843,
    "sentKBytesPerSec" : 0.2905878047609906
  },
  "login-1" : {
    "transaction" : "login-1",
    "sampleCount" : 10,
    "errorCount" : 0,
    "errorPct" : 0.0,
    "meanResTime" : 856.8,
    "medianResTime" : 829.0,
    "minResTime" : 481.0,
    "maxResTime" : 1400.0,
    "pct1ResTime" : 1368.7,
    "pct2ResTime" : 1400.0,
    "pct3ResTime" : 1400.0,
    "throughput" : 7.132667617689016,
    "receivedKBytesPerSec" : 569.3624063837376,
    "sentKBytesPerSec" : 0.8567559736091299
  },
  "login-0" : {
    "transaction" : "login-0",
    "sampleCount" : 10,
    "errorCount" : 0,
    "errorPct" : 0.0,
    "meanResTime" : 448.30000000000007,
    "medianResTime" : 423.0,
    "minResTime" : 204.0,
    "maxResTime" : 743.0,
    "pct1ResTime" : 743.0,
    "pct2ResTime" : 743.0,
    "pct3ResTime" : 743.0,